timeStamp,elapsed,label,responseCode,responseMessage,threadName,dataType,success,failureMessage,bytes,sentBytes,grpThreads,allThreads,URL,Latency,IdleTime,Connect
1667103446408,638,Request1,200,OK,Thread Group 1-1,text,true,,15049,119,7,7,https://www.google.com/,634,0,188
1667103446521,597,Request1,200,OK,Thread Group 1-2,text,true,,15098,119,8,8,https://www.google.com/,593,0,161
1667103446608,541,Request1,200,OK,Thread Group 1-3,text,true,,15008,119,8,8,https://www.google.com/,534,0,166
1667103446708,575,Request1,200,OK,Thread Group 1-4,text,true,,15092,119,9,9,https://www.google.com/,570,0,159
1667103447046,443,Request1,200,OK,Thread Group 1-1,text,true,,15039,119,10,10,https://www.google.com/,438,0,0
1667103446908,589,Request1,200,OK,Thread Group 1-6,text,true,,15015,119,10,10,https://www.google.com/,585,0,149
1667103447007,589,Request1,200,OK,Thread Group 1-7,text,true,,15134,119,10,10,https://www.google.com/,585,0,142
1667103447149,508,Request1,200,OK,Thread Group 1-3,text,true,,15041,119,10,10,https://www.google.com/,503,0,0
1667103447108,554,Request1,200,OK,Thread Group 1-8,text,true,,15083,119,10,10,https://www.google.com/,550,0,156
1667103446808,878,Request1,200,OK,Thread Group 1-5,text,true,,14989,119,10,10,https://www.google.com/,873,0,144
1667103447283,415,Request1,200,OK,Thread Group 1-4,text,true,,15017,119,10,10,https://www.google.com/,409,0,0
1667103447207,541,Request1,200,OK,Thread Group 1-9,text,true,,15045,119,10,10,https://www.google.com/,537,0,164
1667103447120,659,Request1,200,OK,Thread Group 1-2,text,true,,15036,119,10,10,https://www.google.com/,654,0,0
1667103447307,590,Request1,200,OK,Thread Group 1-10,text,true,,15064,119,10,10,https://www.google.com/,586,0,142
1667103447489,448,Request1,200,OK,Thread Group 1-1,text,true,,15084,119,10,10,https://www.google.com/,443,0,0
1667103447497,451,Request1,200,OK,Thread Group 1-6,text,true,,15107,119,10,10,https://www.google.com/,448,0,0
1667103447657,390,Request1,200,OK,Thread Group 1-3,text,true,,15043,119,10,10,https://www.google.com/,384,0,0
1667103447686,404,Request1,200,OK,Thread Group 1-5,text,true,,15056,119,10,10,https://www.google.com/,400,0,0
1667103447662,445,Request1,200,OK,Thread Group 1-8,text,true,,15071,119,10,10,https://www.google.com/,440,0,0
1667103447698,444,Request1,200,OK,Thread Group 1-4,text,true,,15055,119,10,10,https://www.google.com/,438,0,0
1667103447748,448,Request1,200,OK,Thread Group 1-9,text,true,,15076,119,10,10,https://www.google.com/,444,0,0
1667103447897,449,Request1,200,OK,Thread Group 1-10,text,true,,15064,119,10,10,https://www.google.com/,447,0,0
1667103447937,442,Request1,200,OK,Thread Group 1-1,text,true,,15054,119,10,10,https://www.google.com/,438,0,0
1667103447779,669,Request1,200,OK,Thread Group 1-2,text,true,,15163,119,10,10,https://www.google.com/,666,0,0
1667103448047,441,Request1,200,OK,Thread Group 1-3,text,true,,15060,119,10,10,https://www.google.com/,433,0,0
1667103447948,543,Request1,200,OK,Thread Group 1-6,text,true,,15046,119,10,10,https://www.google.com/,535,0,0
1667103448197,365,Request1,200,OK,Thread Group 1-9,text,true,,15048,119,10,10,https://www.google.com/,363,0,0
1667103448142,452,Request1,200,OK,Thread Group 1-4,text,true,,15105,119,10,10,https://www.google.com/,447,0,0
1667103448346,426,Request1,200,OK,Thread Group 1-10,text,true,,15095,119,10,10,https://www.google.com/,425,0,0
1667103448379,450,Request1,200,OK,Thread Group 1-1,text,true,,15058,119,10,10,https://www.google.com/,446,0,0
1667103448448,409,Request1,200,OK,Thread Group 1-2,text,true,,15101,119,10,10,https://www.google.com/,408,0,0
1667103448491,404,Request1,200,OK,Thread Group 1-6,text,true,,15081,119,10,10,https://www.google.com/,398,0,0
1667103448488,445,Request1,200,OK,Thread Group 1-3,text,true,,15036,119,10,10,https://www.google.com/,441,0,0
1667103448563,446,Request1,200,OK,Thread Group 1-9,text,true,,15031,119,10,10,https://www.google.com/,441,0,0
1667103448772,447,Request1,200,OK,Thread Group 1-10,text,true,,15105,119,10,10,https://www.google.com/,442,0,0
1667103447596,1641,Request1,200,OK,Thread Group 1-7,text,true,,15092,119,10,10,https://www.google.com/,1636,0,0
1667103448829,450,Request1,200,OK,Thread Group 1-1,text,true,,15105,119,10,10,https://www.google.com/,446,0,0
1667103448857,449,Request1,200,OK,Thread Group 1-2,text,true,,15039,119,10,10,https://www.google.com/,442,0,0
1667103448594,739,Request1,200,OK,Thread Group 1-4,text,true,,15062,119,10,10,https://www.google.com/,734,0,0
1667103448895,445,Request1,200,OK,Thread Group 1-6,text,true,,15052,119,10,10,https://www.google.com/,439,0,0
1667103448933,432,Request1,200,OK,Thread Group 1-3,text,true,,15057,119,10,10,https://www.google.com/,426,0,0
1667103449009,362,Request1,200,OK,Thread Group 1-9,text,true,,14972,119,10,10,https://www.google.com/,357,0,0
1667103448107,1375,Request1,200,OK,Thread Group 1-8,text,true,,15063,119,10,10,https://www.google.com/,1366,0,0
1667103448090,1420,Request1,200,OK,Thread Group 1-5,text,true,,15052,119,10,10,https://www.google.com/,1415,0,0
1667103449219,444,Request1,200,OK,Thread Group 1-10,text,true,,15089,119,10,10,https://www.google.com/,441,0,0
1667103449237,444,Request1,200,OK,Thread Group 1-7,text,true,,15059,119,10,10,https://www.google.com/,439,0,0
1667103449279,444,Request1,200,OK,Thread Group 1-1,text,true,,15061,119,10,10,https://www.google.com/,439,0,0
1667103449365,375,Request1,200,OK,Thread Group 1-3,text,true,,15058,119,10,10,https://www.google.com/,368,0,0
1667103449371,371,Request1,200,OK,Thread Group 1-9,text,true,,15134,119,10,10,https://www.google.com/,366,0,0
1667103449306,448,Request1,200,OK,Thread Group 1-2,text,true,,15092,119,10,10,https://www.google.com/,443,0,0
1667103449340,483,Request1,200,OK,Thread Group 1-6,text,true,,15029,119,10,10,https://www.google.com/,478,0,0
1667103449510,408,Request1,200,OK,Thread Group 1-5,text,true,,15144,119,10,10,https://www.google.com/,403,0,0
1667103449482,441,Request1,200,OK,Thread Group 1-8,text,true,,15022,119,10,10,https://www.google.com/,436,0,0
1667103449333,633,Request1,200,OK,Thread Group 1-4,text,true,,15057,119,10,10,https://www.google.com/,626,0,0
1667103449663,409,Request1,200,OK,Thread Group 1-10,text,true,,15099,119,10,10,https://www.google.com/,398,0,0
1667103449742,372,Request1,200,OK,Thread Group 1-9,text,true,,15118,119,10,10,https://www.google.com/,368,0,0
1667103449754,397,Request1,200,OK,Thread Group 1-2,text,true,,15071,119,10,10,https://www.google.com/,392,0,0
1667103449681,486,Request1,200,OK,Thread Group 1-7,text,true,,15084,119,10,10,https://www.google.com/,470,0,0
1667103449723,447,Request1,200,OK,Thread Group 1-1,text,true,,15075,119,10,10,https://www.google.com/,444,0,0
1667103449740,431,Request1,200,OK,Thread Group 1-3,text,true,,15050,119,10,10,https://www.google.com/,427,0,0
1667103449824,454,Request1,200,OK,Thread Group 1-6,text,true,,15028,119,10,10,https://www.google.com/,450,0,0
1667103449923,458,Request1,200,OK,Thread Group 1-8,text,true,,15024,119,10,10,https://www.google.com/,451,0,0
1667103449966,447,Request1,200,OK,Thread Group 1-4,text,true,,15081,119,10,10,https://www.google.com/,441,0,0
1667103450115,367,Request1,200,OK,Thread Group 1-9,text,true,,15088,119,10,10,https://www.google.com/,363,0,0
1667103450072,423,Request1,200,OK,Thread Group 1-10,text,true,,15050,119,10,10,https://www.google.com/,420,0,0
1667103450171,378,Request1,200,OK,Thread Group 1-3,text,true,,15059,119,10,10,https://www.google.com/,374,0,0
1667103450167,422,Request1,200,OK,Thread Group 1-7,text,true,,15085,119,10,10,https://www.google.com/,414,0,0
1667103450170,450,Request1,200,OK,Thread Group 1-1,text,true,,15052,119,10,10,https://www.google.com/,442,0,0
1667103450278,449,Request1,200,OK,Thread Group 1-6,text,true,,15135,119,10,10,https://www.google.com/,443,0,0
1667103450151,669,Request1,200,OK,Thread Group 1-2,text,true,,15030,119,10,10,https://www.google.com/,664,0,0
1667103450483,440,Request1,200,OK,Thread Group 1-9,text,true,,15029,119,10,10,https://www.google.com/,436,0,0
1667103450495,445,Request1,200,OK,Thread Group 1-10,text,true,,15088,119,10,10,https://www.google.com/,440,0,0
1667103450620,384,Request1,200,OK,Thread Group 1-1,text,true,,15046,119,10,10,https://www.google.com/,372,0,0
1667103450550,458,Request1,200,OK,Thread Group 1-3,text,true,,15144,119,10,10,https://www.google.com/,445,0,0
1667103450381,753,Request1,200,OK,Thread Group 1-8,text,true,,15027,119,10,10,https://www.google.com/,737,0,0
1667103450727,540,Request1,200,OK,Thread Group 1-6,text,true,,15116,119,10,10,https://www.google.com/,456,0,0
1667103450923,407,Request1,200,OK,Thread Group 1-9,text,true,,15069,119,10,10,https://www.google.com/,402,0,0
1667103450590,744,Request1,200,OK,Thread Group 1-7,text,true,,15115,119,10,10,https://www.google.com/,740,0,0
1667103451004,449,Request1,200,OK,Thread Group 1-1,text,true,,15106,119,10,10,https://www.google.com/,445,0,0
1667103451008,445,Request1,200,OK,Thread Group 1-3,text,true,,15042,119,10,10,https://www.google.com/,386,0,0
1667103450940,542,Request1,200,OK,Thread Group 1-10,text,true,,15066,119,10,10,https://www.google.com/,453,0,0
1667103450820,734,Request1,200,OK,Thread Group 1-2,text,true,,15132,119,10,10,https://www.google.com/,730,0,0
1667103449919,1645,Request1,200,OK,Thread Group 1-5,text,true,,15073,119,10,10,https://www.google.com/,1639,0,0
1667103451330,392,Request1,200,OK,Thread Group 1-9,text,true,,15072,119,10,10,https://www.google.com/,387,0,0
1667103451135,624,Request1,200,OK,Thread Group 1-8,text,true,,15037,119,10,10,https://www.google.com/,619,0,0
1667103451267,500,Request1,200,OK,Thread Group 1-6,text,true,,15078,119,10,10,https://www.google.com/,457,0,0
1667103451453,451,Request1,200,OK,Thread Group 1-3,text,true,,15038,119,10,10,https://www.google.com/,443,0,0
1667103451453,459,Request1,200,OK,Thread Group 1-1,text,true,,15094,119,10,10,https://www.google.com/,451,0,0
1667103451555,421,Request1,200,OK,Thread Group 1-2,text,true,,15057,119,10,10,https://www.google.com/,401,0,0
1667103451564,417,Request1,200,OK,Thread Group 1-5,text,true,,15073,119,10,10,https://www.google.com/,412,0,0
1667103450413,1659,Request1,200,OK,Thread Group 1-4,text,true,,15079,119,10,10,https://www.google.com/,1646,0,0
1667103451723,399,Request1,200,OK,Thread Group 1-9,text,true,,15041,119,10,10,https://www.google.com/,392,0,0
1667103451767,459,Request1,200,OK,Thread Group 1-6,text,true,,15015,119,10,10,https://www.google.com/,445,0,0
1667103451334,911,Request1,200,OK,Thread Group 1-7,text,true,,15093,119,10,10,https://www.google.com/,900,0,0
1667103451904,417,Request1,200,OK,Thread Group 1-3,text,true,,15101,119,10,10,https://www.google.com/,409,0,0
1667103451912,445,Request1,200,OK,Thread Group 1-1,text,true,,15121,119,10,10,https://www.google.com/,441,0,0
1667103451976,454,Request1,200,OK,Thread Group 1-2,text,true,,15043,119,10,10,https://www.google.com/,447,0,0
1667103452072,371,Request1,200,OK,Thread Group 1-4,text,true,,15054,119,10,10,https://www.google.com/,366,0,0
1667103451759,744,Request1,200,OK,Thread Group 1-8,text,true,,15014,119,10,10,https://www.google.com/,728,0,0
1667103452122,431,Request1,200,OK,Thread Group 1-9,text,true,,15076,119,10,10,https://www.google.com/,424,0,0
1667103452226,465,Request1,200,OK,Thread Group 1-6,text,true,,15045,119,10,10,https://www.google.com/,465,0,0
1667103452321,380,Request1,200,OK,Thread Group 1-3,text,true,,15075,119,10,10,https://www.google.com/,374,0,0
1667103452245,456,Request1,200,OK,Thread Group 1-7,text,true,,15091,119,10,10,https://www.google.com/,450,0,0
1667103451981,754,Request1,200,OK,Thread Group 1-5,text,true,,15048,119,10,10,https://www.google.com/,750,0,0
1667103452357,463,Request1,200,OK,Thread Group 1-1,text,true,,15076,119,10,10,https://www.google.com/,455,0,0
1667103452444,424,Request1,200,OK,Thread Group 1-4,text,true,,15026,119,10,10,https://www.google.com/,415,0,0
1667103452503,449,Request1,200,OK,Thread Group 1-8,text,true,,15008,119,10,10,https://www.google.com/,441,0,0
1667103452556,407,Request1,200,OK,Thread Group 1-9,text,true,,15045,119,10,10,https://www.google.com/,401,0,0
1667103452701,396,Request1,200,OK,Thread Group 1-3,text,true,,15100,119,10,10,https://www.google.com/,390,0,0
1667103451482,1660,Request1,200,OK,Thread Group 1-10,text,true,,15058,119,10,10,https://www.google.com/,1660,0,0
1667103452701,466,Request1,200,OK,Thread Group 1-7,text,true,,15061,119,10,10,https://www.google.com/,458,0,0
1667103452430,740,Request1,200,OK,Thread Group 1-2,text,true,,15096,119,10,10,https://www.google.com/,737,0,0
1667103452820,450,Request1,200,OK,Thread Group 1-1,text,true,,15008,119,10,10,https://www.google.com/,443,0,0
1667103452735,662,Request1,200,OK,Thread Group 1-5,text,true,,15058,119,10,10,https://www.google.com/,657,0,0
1667103452963,446,Request1,200,OK,Thread Group 1-9,text,true,,15029,119,10,10,https://www.google.com/,440,0,0
1667103452691,737,Request1,200,OK,Thread Group 1-6,text,true,,15083,119,10,10,https://www.google.com/,730,0,0
1667103453097,386,Request1,200,OK,Thread Group 1-3,text,true,,15079,119,10,10,https://www.google.com/,377,0,0
1667103453142,403,Request1,200,OK,Thread Group 1-10,text,true,,15075,119,10,10,https://www.google.com/,396,0,0
1667103453167,473,Request1,200,OK,Thread Group 1-7,text,true,,15058,119,10,10,https://www.google.com/,461,0,0
1667103453270,386,Request1,200,OK,Thread Group 1-1,text,true,,15125,119,10,10,https://www.google.com/,383,0,0
1667103453171,625,Request1,200,OK,Thread Group 1-2,text,true,,15088,119,10,10,https://www.google.com/,619,0,0
1667103453397,423,Request1,200,OK,Thread Group 1-5,text,true,,15084,119,10,10,https://www.google.com/,413,0,0
1667103453409,449,Request1,200,OK,Thread Group 1-9,text,true,,15059,119,10,10,https://www.google.com/,442,0,0
1667103453483,446,Request1,200,OK,Thread Group 1-3,text,true,,15034,119,10,10,https://www.google.com/,439,0,0
1667103453545,388,Request1,200,OK,Thread Group 1-10,text,true,,15089,119,10,10,https://www.google.com/,385,0,0
1667103453428,628,Request1,200,OK,Thread Group 1-6,text,true,,15080,119,10,10,https://www.google.com/,608,0,0
1667103453640,449,Request1,200,OK,Thread Group 1-7,text,true,,15035,119,10,10,https://www.google.com/,444,0,0
1667103453656,452,Request1,200,OK,Thread Group 1-1,text,true,,15134,119,10,10,https://www.google.com/,448,0,0
1667103452868,1400,Request1,200,OK,Thread Group 1-4,text,true,,15064,119,10,10,https://www.google.com/,1394,0,0
1667103453858,435,Request1,200,OK,Thread Group 1-9,text,true,,15057,119,10,10,https://www.google.com/,430,0,0
1667103452952,1365,Request1,200,OK,Thread Group 1-8,text,true,,15043,119,10,10,https://www.google.com/,1360,0,0
1667103453929,398,Request1,200,OK,Thread Group 1-3,text,true,,15105,119,10,10,https://www.google.com/,390,0,0
1667103453933,394,Request1,200,OK,Thread Group 1-10,text,true,,15082,119,10,10,https://www.google.com/,388,0,0
1667103454089,376,Request1,200,OK,Thread Group 1-7,text,true,,15062,119,10,10,https://www.google.com/,375,0,0
1667103454056,454,Request1,200,OK,Thread Group 1-6,text,true,,15092,119,10,10,https://www.google.com/,448,0,0
1667103454108,443,Request1,200,OK,Thread Group 1-1,text,true,,15101,119,10,10,https://www.google.com/,438,0,0
1667103454327,366,Request1,200,OK,Thread Group 1-3,text,true,,15022,119,10,10,https://www.google.com/,361,0,0
1667103454268,436,Request1,200,OK,Thread Group 1-4,text,true,,15088,119,10,10,https://www.google.com/,430,0,0
1667103454293,450,Request1,200,OK,Thread Group 1-9,text,true,,15064,119,10,10,https://www.google.com/,444,0,0
1667103454327,420,Request1,200,OK,Thread Group 1-10,text,true,,15159,119,10,10,https://www.google.com/,412,0,0
1667103454317,454,Request1,200,OK,Thread Group 1-8,text,true,,15095,119,10,10,https://www.google.com/,449,0,0
1667103454510,419,Request1,200,OK,Thread Group 1-6,text,true,,15072,119,10,10,https://www.google.com/,415,0,0
1667103454551,442,Request1,200,OK,Thread Group 1-1,text,true,,15023,119,10,10,https://www.google.com/,437,0,0
1667103454693,394,Request1,200,OK,Thread Group 1-3,text,true,,15094,119,10,10,https://www.google.com/,389,0,0
1667103454704,420,Request1,200,OK,Thread Group 1-4,text,true,,15006,119,10,10,https://www.google.com/,414,0,0
1667103454744,432,Request1,200,OK,Thread Group 1-9,text,true,,15048,119,10,10,https://www.google.com/,428,0,0
1667103453820,1395,Request1,200,OK,Thread Group 1-5,text,true,,15028,119,10,10,https://www.google.com/,1394,0,0
1667103454747,477,Request1,200,OK,Thread Group 1-10,text,true,,15042,119,10,10,https://www.google.com/,472,0,0
1667103454772,455,Request1,200,OK,Thread Group 1-8,text,true,,15018,119,10,10,https://www.google.com/,450,0,0
1667103454930,446,Request1,200,OK,Thread Group 1-6,text,true,,15097,119,10,10,https://www.google.com/,440,0,0
1667103453797,1647,Request1,200,OK,Thread Group 1-2,text,true,,15029,119,10,10,https://www.google.com/,1641,0,0
1667103454993,454,Request1,200,OK,Thread Group 1-1,text,true,,15100,119,10,10,https://www.google.com/,448,0,0
1667103455124,371,Request1,200,OK,Thread Group 1-4,text,true,,15065,119,10,10,https://www.google.com/,365,0,0
1667103455092,413,Request1,200,OK,Thread Group 1-3,text,true,,15082,119,10,10,https://www.google.com/,408,0,0
1667103455176,448,Request1,200,OK,Thread Group 1-9,text,true,,15055,119,10,10,https://www.google.com/,442,0,0
1667103455215,427,Request1,200,OK,Thread Group 1-5,text,true,,15097,119,10,10,https://www.google.com/,420,0,0
1667103455224,441,Request1,200,OK,Thread Group 1-10,text,true,,15062,119,10,10,https://www.google.com/,436,0,0
1667103454465,1271,Request1,200,OK,Thread Group 1-7,text,true,,15096,119,10,10,https://www.google.com/,1266,0,0
1667103455444,374,Request1,200,OK,Thread Group 1-2,text,true,,15075,119,10,10,https://www.google.com/,367,0,0
1667103455447,445,Request1,200,OK,Thread Group 1-1,text,true,,15049,119,10,10,https://www.google.com/,440,0,0
1667103455505,394,Request1,200,OK,Thread Group 1-3,text,true,,15092,119,10,10,https://www.google.com/,389,0,0
1667103455625,450,Request1,200,OK,Thread Group 1-9,text,true,,15038,119,10,10,https://www.google.com/,443,0,0
1667103455665,410,Request1,200,OK,Thread Group 1-10,text,true,,15092,119,10,10,https://www.google.com/,401,0,0
1667103455736,426,Request1,200,OK,Thread Group 1-7,text,true,,15093,119,10,10,https://www.google.com/,421,0,0
1667103455818,368,Request1,200,OK,Thread Group 1-2,text,true,,15067,119,10,10,https://www.google.com/,364,0,0
1667103455899,435,Request1,200,OK,Thread Group 1-3,text,true,,15068,119,10,10,https://www.google.com/,427,0,0
1667103455892,443,Request1,200,OK,Thread Group 1-1,text,true,,15083,119,10,10,https://www.google.com/,438,0,0
1667103456075,446,Request1,200,OK,Thread Group 1-10,text,true,,15037,119,10,10,https://www.google.com/,442,0,0
1667103455227,1360,Request1,200,OK,Thread Group 1-8,text,true,,15075,119,9,9,https://www.google.com/,1355,0,0
1667103456162,433,Request1,200,OK,Thread Group 1-7,text,true,,15066,119,8,8,https://www.google.com/,428,0,0
1667103456075,518,Request1,200,OK,Thread Group 1-9,text,true,,15057,119,8,8,https://www.google.com/,511,0,0
1667103456336,395,Request1,200,OK,Thread Group 1-1,text,true,,15110,119,6,6,https://www.google.com/,392,0,0
1667103456334,457,Request1,200,OK,Thread Group 1-3,text,true,,15030,119,5,5,https://www.google.com/,451,0,0
1667103456186,706,Request1,200,OK,Thread Group 1-2,text,true,,15075,119,4,4,https://www.google.com/,701,0,0
1667103455496,1459,Request1,200,OK,Thread Group 1-4,text,true,,15093,119,3,3,https://www.google.com/,1450,0,0
1667103455376,1701,Request1,200,OK,Thread Group 1-6,text,true,,15063,119,2,2,https://www.google.com/,1697,0,0
1667103455642,1773,Request1,200,OK,Thread Group 1-5,text,true,,15081,119,1,1,https://www.google.com/,1769,0,0
